{
    "isolation_forest": 0.024625267417406504,
    "one_class_svm": -0.574325359049725,
    "autoencoder": 0.05214170140373392
}