{
    "timestamp": "2026-01-16 16:58:15.038968",
    "sample_size": 150000,
    "global_system": {
        "roc_auc": 0.499915139919866,
        "precision": 0.08333333333333333,
        "recall": 0.0008071025020177562,
        "f1_score": 0.0015987210231814548
    },
    "individual_models": {
        "isolation_forest": {
            "roc_auc": 0.4998736087707098,
            "precision": 0.0896358543417367,
            "recall": 0.0021522733387140166,
            "f1_score": 0.004203612479474548
        },
        "one_class_svm": {
            "roc_auc": 0.4999222115932105,
            "precision": 0.08333333333333333,
            "recall": 0.0007398439601829433,
            "f1_score": 0.0014666666666666667
        },
        "autoencoder": {
            "roc_auc": 0.49979582036392023,
            "precision": 0.08793456032719836,
            "recall": 0.0028921172988969597,
            "f1_score": 0.005600052093507847
        }
    }
}