{
    "timestamp": "2026-01-16 15:49:32.031364",
    "sample_size": 150000,
    "global_system": {
        "roc_auc": 0.500038470141902,
        "precision": 0.10305343511450382,
        "recall": 0.0018159806295399517,
        "f1_score": 0.00356906807666887
    },
    "individual_models": {
        "isolation_forest": {
            "roc_auc": 0.5000625550428831,
            "precision": 0.10304449648711944,
            "recall": 0.002959375840731773,
            "f1_score": 0.005753514220333442
        },
        "one_class_svm": {
            "roc_auc": 0.5000452999210145,
            "precision": 0.10852713178294573,
            "recall": 0.0009416195856873823,
            "f1_score": 0.001867040074681603
        },
        "autoencoder": {
            "roc_auc": 0.5008993418493959,
            "precision": 0.10879164993978321,
            "recall": 0.018227064837234328,
            "f1_score": 0.031222996716400716
        }
    }
}