Battery_Voltage,Battery_Current,Battery_Temperature,Motor_Temperature,Motor_Vibration,Motor_Torque,Motor_RPM,Power_Consumption,Brake_Pressure,Tire_Pressure,Tire_Temperature,Suspension_Load,Ambient_Temperature,Ambient_Humidity,Driving_Speed,IsolationForest_Pred,IsolationForest_Score,OneClassSVM_Pred,OneClassSVM_Score,Autoencoder_Pred,Autoencoder_Score
210.16,-22.75,27.15,48.49,0.37,113.43,1996,28.49,46.24,24.31,26.69,187.13,13.21,94.62,103.42,1,0.014956456231246862,1,124.31329346295638,1,0.0661526163984296
364.0,-27.7,53.65,57.82,1.44,105.58,1798,25.45,35.79,24.26,27.21,101.42,-6.71,41.03,46.04,1,0.02650645540924501,1,173.21670453278443,1,0.0360487588875489
388.85,-36.64,29.55,46.51,1.85,119.61,1881,22.61,30.89,33.38,33.14,175.72,24.07,34.4,59.58,1,0.0961137888377433,1,270.3387966825428,1,0.043505913534212445
370.57,-37.6,29.69,54.16,0.38,182.53,1593,20.83,43.54,32.26,32.92,129.3,11.94,44.47,44.22,1,0.1739454310126421,1,843.3903001689,1,0.0046956156095463355
390.01,-14.27,28.86,42.07,0.43,173.29,1585,23.66,48.76,33.08,26.8,165.17,18.95,42.78,41.37,1,0.15826707097674875,1,522.5919979704586,1,0.006795874234249101
500.0,-100.0,80.0,120.0,5.0,400.0,5000,100.0,200.0,60.0,90.0,300.0,60.0,90.0,200.0,-1,-0.17687933579419413,-1,-1301.509318809284,1,1.5425875997645115
450.0,-90.0,70.0,110.0,4.5,350.0,4800,90.0,180.0,55.0,80.0,280.0,55.0,85.0,180.0,-1,-0.17393098612673075,-1,-1301.3922640811045,1,1.099501916599268
480.0,-95.0,75.0,115.0,4.8,380.0,4900,95.0,190.0,58.0,85.0,290.0,58.0,88.0,190.0,-1,-0.17344075710699802,-1,-1301.496841499561,1,1.329864019910103
