{
    "isolation_forest": 0.014055027489552313,
    "one_class_svm": 1.0615531670133973,
    "autoencoder": 0.05805344240897291
}