{
    "isolation_forest": 0.10914147552061537,
    "one_class_svm": -0.9725960609145723,
    "autoencoder": 0.08696347170993023
}