{
    "p50": 0.4186650952003288,
    "p75": 0.44675968063706994,
    "p90": 0.4819659483714298,
    "p95": 0.5094342280110087,
    "p99": 0.5772735293997976,
    "mean": 0.42790769861271677,
    "std": 0.04194329542216788
}